,Star_name,Distance_of_Star,Mass_of_Star,Radius_of_Star,Dwarf_name,Distance_of_Dwarf,Mass_of_Dwarf,Radius_of_Dwarf
0,Sun,0.000015813,1,1,,,,
1,Sirius,8.6,2.1,1.71´,LHS 102BC,,,
2,Canopus,310,15,71,,,,
3,Alpha Centauri,4.4,1.1,1.2,2MASS J00034227-2822410,,,
4,Arcturus,37,1.1,26,,,,
5,Vega,25,2.2,2.7,2MASS J02511327+0047364,,,
6,Capella,43,2.6,12,,,,
7,Rigel,860,23,78.9,TWA 27A,,,
8,Procyon,11.4,1.5,1.9,,,,
9,Betelgeuse,0640[1],20,950,TWA 27B,,,
10,Achernar,144,6.7,9.3,,,,
11,Hadar,390,10.5,8.6,2MASS J14112131-2119503,,,
12,Altair,17,1.8,1.8,,,,
13,Acrux,320,18,8.9,2MASS J02103857-3015313,101.0,0.01431882,0.15722739
14,Aldebaran,65,1.5,44,,,,
15,Antares,600,12,680,2MASS J13204427+0409045,101.0,0.063957396,0.10379063
16,Spica,260,11.43,7.47,,,,
17,Pollux,34,1.9,8.8,WISE 0038+8405,101.8,,
18,Fomalhaut,25,1.9,1.8,,,,
19,Deneb,"2,600",19,203,2MASS J06085283-2753583,102.0,0.036274344,0.15517213
20,Mimosa,350,16,8.4,,,,
21,Regulus,77,3.8,3.1,WISE 1147-2040,102.0,,
22,Adhara,430,12.5,14,,,,
23,Shaula,700,14.5,8.8,CFBDSIR 1458+10A,104.0,0.010595927,0.1541445
24,Castor,52,2.8,2.4,,,,
25,Gacrux,88,1.5,84,CFBDSIR 1458+10B,104.0,0.008591292,0.1335919
26,Bellatrix,240,8.6,5.8,,,,
27,Elnath,130,5,4.2,2MASS J20004841-7523070,105.0,0.0238647,0.19319444
28,Miaplacidus,110,3.5,6.8,,,,
29,Alnilam,"2,000",32,42,WISE 0316+4307,106.3,,
30,Gamma Velorum,"1,100",9,6,,,,
31,Alnair,101,4,3.4,WISE 1830+4542,107.0,,
32,Alioth,81,2.9,4.2,,,,
33,Alnitak,1050,33,20,2MASSI J1017075+130839 [de],108.0,,
34,Dubhe,120,4.25,30,,,,
35,Mirfak,590,8.5,68,2MASSW J2101154+175658,108.0,,
36,Wezen,"1,600",17,200,,,,
37,Sargas,270,5.7,26,WISE 1506+7027,11.1,,
38,Kaus Australis,140,3.5,6.8,,,,
39,Avior,630,9,130,2MASS J16262034+3925190 [de],110.0,0.067775748,0.10584589
40,Alkaid,104,6.1,3.4,,,,
41,Menkalinan,81,2.39,2.77,SDSS J020742.48+000056.2 [de],111.0,0.044865636,0.09968011
42,Atria,390,7,92,,,,
43,Alhena,109,2.8,3.3,WISEA 1101+5400,111.0,,
44,Peacock,180,5.9,4.8,,,,
45,Alsephina[2],80,2.4,2.9,HB 2124-4228,113.0,0.089731272,0.12434323
46,Mirzam,500,13.5,10,,,,
47,Polaris,430,5.4,39,2MASSI J1726000+153819,114.0,0.022910112,0.1438682
48,Alphard,180,3,50,,,,
49,Mintaka,1200,24,16.5,2MASSW J1239272+551537 [de],119.0,,
50,Scheat,196,2.1,95,,,,
51,Almaaz,653,15,140,Teegarden's star,12.578,0.07636704,0.13050901
52,Rasalgethi,360,2.8,280,,,,
53,Tau Ceti,11.9,0.783,0.893,2M1510,120.0,,
54,Delta Pavonis,19.92,0.991,1.22,,,,
55,Ran,10.48,0.82,0.74,2MASS J11544223-3400390 [de],129.0,0.035319756,0.1541445
56,V382 Carinae,"8,900",20,485,,,,
57,Eta Carinae,"7,500",100,60–881,DEN 1048-3956,13.15,0.073503276,0.10995641
58,Delta Cephei,887,4.5,44.5,,,,
59,Mu Cephei,"6,000",19.2,972,UGPS J072227.51-054031.2,13.4,0.024819288,0.10070774
60,Titawin,44.25,1.27,1.48,,,,
61,Rho Cassiopeiae,"8,154",22,636-981,2MASS J01415823-4633574 [de],130.0,0.01909176,0.16544843
62,P Cygni,"5,545",30,76,,,,
63,La Superba,"1,000",,129 - 342,DENIS-P J035726.9-441730 [de],130.0,,
64,VV Cephei,"4,900",18.2,"516 - 1,050",,,,
65,61 Cygni,11.41,0.7,0.665,2MASS J00332386-1521309 [de],131.0,0.027683052,0.14695109
66,R Doradus,178,0.7 - 1.0,298,,,,
67,Polaris Australis,281,1.59,3.74,WISE 1841+7000,131.1,,
68,R Coronae Borealis,"4,566",0.85,85,,,,
69,54 Piscium,36.1,0.76,0.94,TWA 26,137.0,0.02863764,0.2260786
70,Mira,300,1.2,370,,,,
71,RW Cephei,"14,000",13.9,"1,158",2MASSW J1841086+311727,138.0,0.063957396,0.10379063
72,Lacaille 8760,12.87,0.6,0.51,,,,
73,V838 Monocerotis,"19,896",?,380 - 750,2MASS J04362788-4114465,142.0,0.037228932,0.20244311
74,HD 140283,190,?,1.4,,,,
75,II Pegasi,130,0.8,3.4,WISE 0106+1518,142.9,,
76,VY Canis Majoris,"3,900",17,"1,420",,,,
77,Pistol Star,"25,000",100,320,2MASS J00250365+4759191AB,143.0,,
78,S Doradus,"1,69,000",24,380,,,,
79,UY Scuti,"5,100",7–10,755,2MASS J23225299-6151275,148.0,0.016227996,0.16339317
80,Barnard's Star,5.98,0.14,0.2,,,,
81,Luhman 16,6.52,0.04,?,SDSS J141659.78+500626.4 [de],149.0,0.056320692,0.10173537
82,Proxima Centauri,4.25,0.12,0.15,,,,
83,KIC 8462852,"1,470",1.43,1.58,2MASS J02411151-0326587 [de],152.0,0.025773876,0.14489583
84,R136a1,"1,63,000",290,32,,,,
85,Melnick 42,"1,63,000",189,21.1,2MASSW J2208136+292121,154.0,0.025773876,0.14489583
86,WR 102,"18,134",19,0.39,,,,
87,VFTS 352,"1,64,000",57.48,14.47,2MASS J02340093-6442068,155.0,0.01909176,0.16647606
88,YBP 1194,"2,772",1.01,0.99,,,,
89,Gliese 1214,47.5,0.16,0.21,DENIS J081730.0-615520,16.1,0.042001872,0.09659722
90,NML Cygni,"5,251",50,"1,640 - 2,770",,,,
91,VB 10,18.72,0.075,0.1,DEN 0255-4700,16.2,0.07636704,0.09968011
92,WOH G64,"1,63,000",<20,"1,540 - 1,730",,,,
93,TRAPPIST-1,39.6,0.089,0.12,WISE 1639-6847,16.3,,
94,2MASS J0523-1403,40.3,0.07,0.086,,,,
95,WISE 0855−0714,7.27,0.003,?,2MASSI J0117474-340325 [de],163.0,0.01909176,0.16647606
96,Icarus,"14,40,00,00,000",33,?,,,,
